all_trips_v2$member_casual,all_trips_v2$end_station_name,all_trips_v2$ride_id
casual,2112 W Peterson Ave,415
member,2112 W Peterson Ave,622
member,532 E 43rd St,1
casual,63rd & Western Ave - north corner,2
casual,63rd & Western Ave - south corner,1
casual,63rd St Beach,1252
member,63rd St Beach,507
casual,83rd St (Avalon Park) Metra,1
member,83rd St (Avalon Park) Metra,1
casual,900 W Harrison St,2667
member,900 W Harrison St,6704
casual,Aberdeen St & Jackson Blvd,3470
member,Aberdeen St & Jackson Blvd,7875
casual,Aberdeen St & Monroe St,3123
member,Aberdeen St & Monroe St,7807
casual,Aberdeen St & Randolph St,3776
member,Aberdeen St & Randolph St,6959
casual,Ada St & 113th St,37
member,Ada St & 113th St,11
member,Ada St & 95th St,1
casual,Ada St & Washington Blvd,2981
member,Ada St & Washington Blvd,5710
casual,Adler Planetarium,9279
member,Adler Planetarium,4830
casual,Albany Ave & 111th St - NW,1
casual,Albany Ave & 16th St,3
member,Albany Ave & 16th St,16
casual,Albany Ave & 26th St,156
member,Albany Ave & 26th St,89
casual,Albany Ave & 63rd St,2
casual,Albany Ave & Belmont Ave,57
member,Albany Ave & Belmont Ave,70
casual,Albany Ave & Bloomingdale Ave,2096
member,Albany Ave & Bloomingdale Ave,2384
casual,Albany Ave & Douglas Blvd,18
member,Albany Ave & Douglas Blvd,1
casual,Albany Ave & Montrose Ave,721
member,Albany Ave & Montrose Ave,1178
casual,Altgeld Gardens,56
member,Altgeld Gardens,1
casual,Archer (Damen) Ave & 37th St,265
member,Archer (Damen) Ave & 37th St,233
casual,Archer Ave & 43rd St,35
member,Archer Ave & 43rd St,16
casual,Artesian Ave & 55th St,37
member,Artesian Ave & 55th St,11
casual,Artesian Ave & Hubbard St,694
member,Artesian Ave & Hubbard St,1758
casual,Ashland Ave & 13th St,611
member,Ashland Ave & 13th St,2486
casual,Ashland Ave & 45th St,3
member,Ashland Ave & 45th St,1
member,Ashland Ave & 45th St - midblock south,3
casual,Ashland Ave & 46th St,1
casual,Ashland Ave & 50th St,83
member,Ashland Ave & 50th St,33
casual,Ashland Ave & 63rd St,84
member,Ashland Ave & 63rd St,59
casual,Ashland Ave & 66th St,69
member,Ashland Ave & 66th St,15
member,Ashland Ave & 71st St,1
casual,Ashland Ave & 74th St,77
member,Ashland Ave & 74th St,44
casual,Ashland Ave & 78th St,77
member,Ashland Ave & 78th St,14
casual,Ashland Ave & Archer Ave,483
member,Ashland Ave & Archer Ave,510
casual,Ashland Ave & Augusta Blvd,2367
member,Ashland Ave & Augusta Blvd,5284
casual,Ashland Ave & Belle Plaine Ave,1523
member,Ashland Ave & Belle Plaine Ave,1597
casual,Ashland Ave & Blackhawk St,4545
member,Ashland Ave & Blackhawk St,6044
casual,Ashland Ave & Chicago Ave,3516
member,Ashland Ave & Chicago Ave,5440
casual,Ashland Ave & Division St,9982
member,Ashland Ave & Division St,14151
casual,Ashland Ave & Garfield Blvd,81
member,Ashland Ave & Garfield Blvd,6
casual,Ashland Ave & Grace St,3167
member,Ashland Ave & Grace St,3955
casual,Ashland Ave & Grand Ave,2855
member,Ashland Ave & Grand Ave,3845
casual,Ashland Ave & Lake St,2726
member,Ashland Ave & Lake St,2482
casual,Ashland Ave & McDowell Ave,181
member,Ashland Ave & McDowell Ave,172
casual,Ashland Ave & Pershing Rd,126
member,Ashland Ave & Pershing Rd,172
casual,Ashland Ave & Wellington Ave,2024
member,Ashland Ave & Wellington Ave,4118
casual,Ashland Ave & Wrightwood Ave,3448
member,Ashland Ave & Wrightwood Ave,4042
casual,Augusta Blvd & Laramie Ave,13
member,Augusta Blvd & Laramie Ave,3
casual,Austin Ave & Roscoe St,2
member,Austin Ave & Wellington Ave - midblock,1
member,Austin Ave & Wrightwood Ave,3
casual,Austin Blvd & Chicago Ave,154
member,Austin Blvd & Chicago Ave,97
casual,Austin Blvd & Lake St,351
member,Austin Blvd & Lake St,265
casual,Austin Blvd & Madison St,124
member,Austin Blvd & Madison St,133
member,Austin Blvd & North Ave,1
casual,Austin Branch Chicago Public Library,1
member,Avenue J & 112th St,1
casual,Avenue L & 114th St,26
member,Avenue L & 114th St,2
member,Avenue M & 132nd St,1
casual,Avenue O & 118th St,67
member,Avenue O & 118th St,15
casual,Avenue O & 134th St,55
member,Avenue O & 134th St,13
member,Avers Ave & Archer Ave,1
casual,Avers Ave & Belmont Ave,1112
member,Avers Ave & Belmont Ave,784
member,Avers Ave & Irving Park Rd,8
casual,Avondale Ave & Irving Park Rd,575
member,Avondale Ave & Irving Park Rd,578
casual,Baltimore Ave & 87th St,132
member,Baltimore Ave & 87th St,41
casual,Base - 2132 W Hubbard,2
member,Base - 2132 W Hubbard,1
casual,Base - 2132 W Hubbard Warehouse,185
member,Base - 2132 W Hubbard Warehouse,223
casual,Bell Ave & 95th St,3
casual,Bennett Ave & 79th St,70
member,Bennett Ave & 79th St,19
casual,Bennett Ave & 96th St,1
casual,Benson Ave & Church St,2468
member,Benson Ave & Church St,3437
casual,Bernard St & Elston Ave,440
member,Bernard St & Elston Ave,661
casual,Big Marsh Park,158
member,Big Marsh Park,57
member,Bishop St & 46th St,2
casual,Bissell St & Armitage Ave,7954
member,Bissell St & Armitage Ave,11056
casual,Bissell St & Armitage Ave - Charging,8
member,Bissell St & Armitage Ave - Charging,12
casual,Bissell St & Armitage Ave*,567
member,Bissell St & Armitage Ave*,792
casual,Blackstone Ave & Hyde Park Blvd,1936
member,Blackstone Ave & Hyde Park Blvd,2344
casual,Bloomingdale Ave & Harlem Ave,12
member,Bloomingdale Ave & Harlem Ave,7
casual,Blue Island Ave & 18th St,2455
member,Blue Island Ave & 18th St,3377
casual,Bosworth Ave & Howard St,242
member,Bosworth Ave & Howard St,606
casual,Bradley Park,60
member,Bradley Park,4
casual,Broadway & Argyle St,3422
member,Broadway & Argyle St,5386
casual,Broadway & Barry Ave,11919
member,Broadway & Barry Ave,17479
casual,Broadway & Belmont Ave,7376
member,Broadway & Belmont Ave,9537
casual,Broadway & Berwyn Ave,2762
member,Broadway & Berwyn Ave,5477
casual,Broadway & Cornelia Ave,8269
member,Broadway & Cornelia Ave,11851
casual,Broadway & Granville Ave,2957
member,Broadway & Granville Ave,4268
casual,Broadway & Ridge Ave,2196
member,Broadway & Ridge Ave,4361
casual,Broadway & Sheridan Rd,5475
member,Broadway & Sheridan Rd,8295
casual,Broadway & Thorndale Ave,2828
member,Broadway & Thorndale Ave,4177
casual,Broadway & Waveland Ave,7251
member,Broadway & Waveland Ave,12927
casual,Broadway & Wilson - Truman College Vaccination Site,3700
member,Broadway & Wilson - Truman College Vaccination Site,6258
casual,Buckingham Fountain,9488
member,Buckingham Fountain,1797
casual,Budlong Woods Library,528
member,Budlong Woods Library,502
casual,Burling St & Diversey Pkwy,5434
member,Burling St & Diversey Pkwy,9528
casual,Burnham Greenway & 105th St,160
member,Burnham Greenway & 105th St,26
casual,Burnham Greenway & 112th St,115
member,Burnham Greenway & 112th St,16
casual,Burnham Harbor,5183
member,Burnham Harbor,7157
casual,California & 16th St,9
member,California & 16th St,11
casual,California Ave & 21st St,566
member,California Ave & 21st St,747
casual,California Ave & 23rd Pl,207
member,California Ave & 23rd Pl,464
casual,California Ave & 26th St,120
member,California Ave & 26th St,245
casual,California Ave & 29th St,1
member,California Ave & 29th St,4
casual,California Ave & 36th St,18
member,California Ave & 36th St,1
casual,California Ave & Altgeld St,1998
member,California Ave & Altgeld St,1918
casual,California Ave & Byron St,1054
member,California Ave & Byron St,1197
casual,California Ave & Cortez St,2613
member,California Ave & Cortez St,2870
casual,California Ave & Devon Ave - NE,3
member,California Ave & Devon Ave - NE,8
casual,California Ave & Devon Ave - NW,3
member,California Ave & Devon Ave - NW,2
casual,California Ave & Division St,2169
member,California Ave & Division St,1806
casual,California Ave & Fletcher St,1981
member,California Ave & Fletcher St,1663
casual,California Ave & Francis Pl (Temp),2017
member,California Ave & Francis Pl (Temp),2086
casual,California Ave & Lake St,388
member,California Ave & Lake St,378
casual,California Ave & Marquette Rd,29
member,California Ave & Marquette Rd,3
casual,California Ave & Milwaukee Ave,5556
member,California Ave & Milwaukee Ave,5351
casual,California Ave & Montrose Ave,1175
member,California Ave & Montrose Ave,1761
casual,California Ave & North Ave,2228
member,California Ave & North Ave,2340
casual,California Ave & Ogden Ave,1
casual,California Ave & Pershing Rd,3
casual,California Ave & Touhy Ave - NW,2
member,California Ave & Touhy Ave - NW,4
casual,California Ave & Winona St,21
member,California Ave & Winona St,100
casual,Calumet Ave & 18th St,3805
member,Calumet Ave & 18th St,5705
casual,Calumet Ave & 21st St,2154
member,Calumet Ave & 21st St,1895
casual,Calumet Ave & 33rd St,695
member,Calumet Ave & 33rd St,4488
casual,Calumet Ave & 35th St,747
member,Calumet Ave & 35th St,1384
casual,Calumet Ave & 51st St,523
member,Calumet Ave & 51st St,284
casual,Calumet Ave & 71st St,42
member,Calumet Ave & 71st St,12
casual,Calumet Park,308
member,Calumet Park,69
casual,Campbell Ave & 51st St,29
member,Campbell Ave & 51st St,5
casual,Campbell Ave & Fullerton Ave,1706
member,Campbell Ave & Fullerton Ave,1645
casual,Campbell Ave & Irving Park Rd,14
member,Campbell Ave & Irving Park Rd,15
casual,Campbell Ave & Montrose Ave,629
member,Campbell Ave & Montrose Ave,2182
casual,Campbell Ave & North Ave,3035
member,Campbell Ave & North Ave,2769
casual,Canal St & Adams St,4674
member,Canal St & Adams St,13776
casual,Canal St & Harrison St,804
member,Canal St & Harrison St,1814
casual,Canal St & Jackson Blvd,1981
member,Canal St & Jackson Blvd,5961
casual,Canal St & Madison St,4264
member,Canal St & Madison St,10602
casual,Canal St & Monroe St,2523
member,Canal St & Monroe St,7120
casual,Canal St & Taylor St,2192
member,Canal St & Taylor St,4015
casual,Cannon Dr & Fullerton Ave,4729
member,Cannon Dr & Fullerton Ave,2468
casual,Carpenter St & 63rd St,26
member,Carpenter St & 63rd St,9
casual,Carpenter St & Huron St,4046
member,Carpenter St & Huron St,6103
casual,Central Ave & Chicago Ave,143
member,Central Ave & Chicago Ave,376
casual,Central Ave & Congress Pkwy,1
casual,Central Ave & Corcoran Pl,3
member,Central Ave & Corcoran Pl,1
casual,Central Ave & George St,1
member,Central Ave & George St,4
casual,Central Ave & Harrison St,115
member,Central Ave & Harrison St,39
casual,Central Ave & Lake St,152
member,Central Ave & Lake St,89
casual,Central Ave & Madison St,81
member,Central Ave & Madison St,167
member,Central Ave & North Ave,1
casual,Central Ave & Parker Ave,50
member,Central Ave & Parker Ave,21
casual,Central Ave & Roscoe St,67
member,Central Ave & Roscoe St,53
casual,Central Park & Augusta Blvd,15
member,Central Park & Augusta Blvd,22
casual,Central Park Ave & 24th St,158
member,Central Park Ave & 24th St,52
casual,Central Park Ave & Bloomingdale Ave,1830
member,Central Park Ave & Bloomingdale Ave,1264
casual,Central Park Ave & Douglas Blvd,48
member,Central Park Ave & Douglas Blvd,13
casual,Central Park Ave & Elbridge Ave,847
member,Central Park Ave & Elbridge Ave,1079
casual,Central Park Ave & North Ave,889
member,Central Park Ave & North Ave,274
casual,Central Park Ave & Ogden Ave,338
member,Central Park Ave & Ogden Ave,212
casual,Central Park Ave & Ohio St,31
member,Central Park Ave & Ohio St,13
casual,Central Park Blvd & 5th Ave,142
member,Central Park Blvd & 5th Ave,45
casual,Central St & Girard Ave,452
member,Central St & Girard Ave,666
casual,Central St Metra,594
member,Central St Metra,774
casual,Champlain Ave & 134th St,1
member,Chase Ave & Touhy Ave - NW,1
casual,Cherry Ave & Blackhawk St,638
member,Cherry Ave & Blackhawk St,1367
casual,Chicago Ave & Sheridan Rd,2552
member,Chicago Ave & Sheridan Rd,2140
casual,Chicago Ave & Washington St,1315
member,Chicago Ave & Washington St,2142
casual,Chicago State University,183
member,Chicago State University,245
casual,Chopin Park,1
casual,Christiana Ave & 55th St,1
casual,Christiana Ave & Archer Ave,1
member,Christiana Ave & Archer Ave,3
casual,Christiana Ave & Belmont Ave,6
member,Christiana Ave & Belmont Ave,10
casual,Christiana Ave & Lawrence Ave,763
member,Christiana Ave & Lawrence Ave,741
member,Cicero Ave & Altgeld St,1
casual,Cicero Ave & Cortland St - midblock,1
casual,Cicero Ave & Flournoy St,47
member,Cicero Ave & Flournoy St,21
casual,Cicero Ave & Grace St,28
member,Cicero Ave & Grace St,13
casual,Cicero Ave & Lake St,102
member,Cicero Ave & Lake St,18
casual,Cicero Ave & North Ave,1
casual,Cicero Ave & Quincy St,79
member,Cicero Ave & Quincy St,10
casual,Cicero Ave & Roscoe St,6
member,Cicero Ave & Roscoe St,1
casual,Cicero Ave & Wellington Ave,4
member,Cicero Ave & Wellington Ave,27
casual,Cicero Ave & Wrightwood Ave,5
member,Cicero Ave & Wrightwood Ave,16
casual,Cityfront Plaza Dr & Pioneer Ct,6018
member,Cityfront Plaza Dr & Pioneer Ct,6490
member,Claremont Ave & 71st St,1
casual,Claremont Ave & Hirsch St,1286
member,Claremont Ave & Hirsch St,1390
casual,Clarendon Ave & Gordon Ter,4371
member,Clarendon Ave & Gordon Ter,8228
casual,Clarendon Ave & Junior Ter,4742
member,Clarendon Ave & Junior Ter,6870
casual,Clarendon Ave & Leland Ave,2860
member,Clarendon Ave & Leland Ave,3984
casual,Clark St & 9th St (AMLI),2426
member,Clark St & 9th St (AMLI),3661
casual,Clark St & Armitage Ave,15382
member,Clark St & Armitage Ave,15792
casual,Clark St & Berwyn Ave,4547
member,Clark St & Berwyn Ave,5980
casual,Clark St & Bryn Mawr Ave,2847
member,Clark St & Bryn Mawr Ave,4818
casual,Clark St & Chicago Ave,5952
member,Clark St & Chicago Ave,7723
casual,Clark St & Columbia Ave,726
member,Clark St & Columbia Ave,1487
casual,Clark St & Drummond Pl,9205
member,Clark St & Drummond Pl,13812
casual,Clark St & Elm St,14385
member,Clark St & Elm St,23785
casual,Clark St & Elmdale Ave,1168
member,Clark St & Elmdale Ave,2081
casual,Clark St & Grace St,7978
member,Clark St & Grace St,7910
casual,Clark St & Ida B Wells Dr,1641
member,Clark St & Ida B Wells Dr,4087
casual,Clark St & Jarvis Ave,276
member,Clark St & Jarvis Ave,697
casual,Clark St & Lake St,6635
member,Clark St & Lake St,9317
casual,Clark St & Leland Ave,3340
member,Clark St & Leland Ave,5450
casual,Clark St & Lincoln Ave,15966
member,Clark St & Lincoln Ave,15100
casual,Clark St & Lunt Ave,800
member,Clark St & Lunt Ave,1717
casual,Clark St & Montrose Ave,2143
member,Clark St & Montrose Ave,3488
casual,Clark St & Newport St,11940
member,Clark St & Newport St,10020
casual,Clark St & North Ave,6855
member,Clark St & North Ave,6422
casual,Clark St & Randolph St,5047
member,Clark St & Randolph St,11163
casual,Clark St & Schiller St,8530
member,Clark St & Schiller St,12789
casual,Clark St & Schreiber Ave,966
member,Clark St & Schreiber Ave,1890
casual,Clark St & Touhy Ave,387
member,Clark St & Touhy Ave,469
casual,Clark St & Wellington Ave,7335
member,Clark St & Wellington Ave,11289
casual,Clark St & Winnemac Ave,4982
member,Clark St & Winnemac Ave,7417
casual,Clark St & Wrightwood Ave,10731
member,Clark St & Wrightwood Ave,13690
casual,Clifton Ave & Armitage Ave,4165
member,Clifton Ave & Armitage Ave,7672
casual,Clinton St & 18th St,1190
member,Clinton St & 18th St,1923
casual,Clinton St & Jackson Blvd,3730
member,Clinton St & Jackson Blvd,11371
casual,Clinton St & Lake St,5322
member,Clinton St & Lake St,12887
casual,Clinton St & Madison St,7194
member,Clinton St & Madison St,19005
casual,Clinton St & Polk St,497
member,Clinton St & Polk St,680
casual,Clinton St & Roosevelt Rd,3270
member,Clinton St & Roosevelt Rd,4963
casual,Clinton St & Tilden St,1189
member,Clinton St & Tilden St,2349
casual,Clinton St & Washington Blvd,4664
member,Clinton St & Washington Blvd,18597
casual,Clybourn Ave & Division St,2215
member,Clybourn Ave & Division St,4691
casual,Clyde Ave & 87th St,103
member,Clyde Ave & 87th St,15
member,Colfax Ave & 83rd St,1
casual,Columbus Dr & Randolph St,7865
member,Columbus Dr & Randolph St,10760
casual,Commercial Ave & 100th St,40
member,Commercial Ave & 100th St,5
casual,Commercial Ave & 130th St,91
member,Commercial Ave & 130th St,19
casual,Commercial Ave & 83rd St,113
member,Commercial Ave & 83rd St,31
casual,Conservatory Dr & Lake St,518
member,Conservatory Dr & Lake St,242
casual,Constance Ave & 95th St,79
member,Constance Ave & 95th St,14
casual,Cornell Ave & Hyde Park Blvd,2943
member,Cornell Ave & Hyde Park Blvd,4217
casual,Cornell Dr & Hayes Dr,270
member,Cornell Dr & Hayes Dr,107
member,Cottage Grove & 84th St,1
member,Cottage Grove & 86th St,1
casual,Cottage Grove Ave & 111th Pl,116
member,Cottage Grove Ave & 111th Pl,39
casual,Cottage Grove Ave & 111th St,1
member,Cottage Grove Ave & 111th St,1
casual,Cottage Grove Ave & 43rd St,354
member,Cottage Grove Ave & 43rd St,402
casual,Cottage Grove Ave & 47th St,648
member,Cottage Grove Ave & 47th St,493
casual,Cottage Grove Ave & 51st St,594
member,Cottage Grove Ave & 51st St,392
casual,Cottage Grove Ave & 63rd St,555
member,Cottage Grove Ave & 63rd St,295
casual,Cottage Grove Ave & 67th St,231
member,Cottage Grove Ave & 67th St,77
casual,Cottage Grove Ave & 71st St,129
member,Cottage Grove Ave & 71st St,24
member,Cottage Grove Ave & 75th St,1
casual,Cottage Grove Ave & 78th St,81
member,Cottage Grove Ave & 78th St,38
casual,Cottage Grove Ave & 83rd St,153
member,Cottage Grove Ave & 83rd St,73
member,Cottage Grove Ave & 87th St,3
member,Cottage Grove Ave & 98th St,6
casual,Cottage Grove Ave & Oakwood Blvd,978
member,Cottage Grove Ave & Oakwood Blvd,486
casual,Daley Center Plaza,5717
member,Daley Center Plaza,12884
casual,Damen Ave & 33rd St,21
member,Damen Ave & 33rd St,23
casual,Damen Ave & 47th St,2
casual,Damen Ave & 51st St,77
member,Damen Ave & 51st St,10
casual,Damen Ave & 59th St,148
member,Damen Ave & 59th St,22
casual,Damen Ave & 74th St,20
member,Damen Ave & 74th St,1
casual,Damen Ave & Charleston St,3012
member,Damen Ave & Charleston St,3247
casual,Damen Ave & Chicago Ave,4860
member,Damen Ave & Chicago Ave,7332
casual,Damen Ave & Clybourn Ave,2022
member,Damen Ave & Clybourn Ave,3015
casual,Damen Ave & Cortland St,5847
member,Damen Ave & Cortland St,6655
casual,Damen Ave & Coulter St,357
member,Damen Ave & Coulter St,282
casual,Damen Ave & Cullerton St,1513
member,Damen Ave & Cullerton St,1510
casual,Damen Ave & Division St,4613
member,Damen Ave & Division St,6354
casual,Damen Ave & Foster Ave,1682
member,Damen Ave & Foster Ave,2216
casual,Damen Ave & Grand Ave,2513
member,Damen Ave & Grand Ave,3209
casual,Damen Ave & Leland Ave,1452
member,Damen Ave & Leland Ave,3701
casual,Damen Ave & Madison St,1520
member,Damen Ave & Madison St,1587
casual,Damen Ave & Melrose Ave,1778
member,Damen Ave & Melrose Ave,1885
casual,Damen Ave & Pershing Rd,235
member,Damen Ave & Pershing Rd,215
casual,Damen Ave & Pierce Ave,10687
member,Damen Ave & Pierce Ave,11022
casual,Damen Ave & Sunnyside Ave,1126
member,Damen Ave & Sunnyside Ave,2016
casual,Damen Ave & Thomas St (Augusta Blvd),2918
member,Damen Ave & Thomas St (Augusta Blvd),4322
casual,Damen Ave & Wabansia Ave,553
member,Damen Ave & Wabansia Ave,580
casual,Damen Ave & Walnut (Lake) St,1412
member,Damen Ave & Walnut (Lake) St,1674
casual,Damen Ave & Wellington Ave,2468
member,Damen Ave & Wellington Ave,2489
casual,Dauphin Ave & 103rd St,78
member,Dauphin Ave & 103rd St,16
casual,Dauphin Ave & 87th St,132
member,Dauphin Ave & 87th St,23
casual,Dayton St & North Ave,4723
member,Dayton St & North Ave,7121
casual,Dearborn Pkwy & Delaware Pl,8827
member,Dearborn Pkwy & Delaware Pl,14138
casual,Dearborn St & Adams St,3290
member,Dearborn St & Adams St,6229
casual,Dearborn St & Erie St,11434
member,Dearborn St & Erie St,18895
casual,Dearborn St & Monroe St,5909
member,Dearborn St & Monroe St,11681
casual,Dearborn St & Van Buren St,3164
member,Dearborn St & Van Buren St,4197
casual,Delano Ct & Roosevelt Rd,3014
member,Delano Ct & Roosevelt Rd,3954
casual,Desplaines St & Jackson Blvd,3069
member,Desplaines St & Jackson Blvd,8676
casual,Desplaines St & Kinzie St,7618
member,Desplaines St & Kinzie St,14786
casual,Desplaines St & Randolph St,5028
member,Desplaines St & Randolph St,7238
casual,DIVVY CASSETTE REPAIR MOBILE STATION,4
casual,Dodge Ave & Church St,298
member,Dodge Ave & Church St,482
casual,Dodge Ave & Main St,230
member,Dodge Ave & Main St,217
casual,Dodge Ave & Mulford St,288
member,Dodge Ave & Mulford St,259
casual,Dorchester Ave & 49th St,448
member,Dorchester Ave & 49th St,631
casual,Dorchester Ave & 63rd St,627
member,Dorchester Ave & 63rd St,192
casual,Doty Ave & 111th St,21
member,Doty Ave & 111th St,5
casual,Drake Ave & Addison St,438
member,Drake Ave & Addison St,404
casual,Drake Ave & Montrose Ave,489
member,Drake Ave & Montrose Ave,712
casual,Dusable Harbor,13210
member,Dusable Harbor,6123
casual,DuSable Lake Shore Dr & Belmont Ave,7967
member,DuSable Lake Shore Dr & Belmont Ave,8007
casual,DuSable Lake Shore Dr & Diversey Pkwy,7495
member,DuSable Lake Shore Dr & Diversey Pkwy,7908
casual,DuSable Lake Shore Dr & Monroe St,21699
member,DuSable Lake Shore Dr & Monroe St,7608
casual,DuSable Lake Shore Dr & North Blvd,21907
member,DuSable Lake Shore Dr & North Blvd,12967
casual,DuSable Lake Shore Dr & Ohio St,5875
member,DuSable Lake Shore Dr & Ohio St,4087
casual,DuSable Lake Shore Dr & Wellington Ave,7230
member,DuSable Lake Shore Dr & Wellington Ave,8596
casual,DuSable Museum,301
member,DuSable Museum,600
casual,East End Ave & 87th St,67
member,East End Ave & 87th St,55
casual,Eastlake Ter & Rogers Ave,721
member,Eastlake Ter & Rogers Ave,1419
casual,Eberhart Ave & 131st St,67
member,Eberhart Ave & 131st St,7
casual,Eberhart Ave & 61st St,378
member,Eberhart Ave & 61st St,106
casual,Eberhart Ave & 91st St,128
member,Eberhart Ave & 91st St,41
casual,Eckhart Park,4079
member,Eckhart Park,5685
casual,Eggleston Ave & 69th St,67
member,Eggleston Ave & 69th St,16
casual,Eggleston Ave & 92nd St,125
member,Eggleston Ave & 92nd St,13
casual,Eli Whitney Public School,7
casual,Elizabeth (May) St & Fulton St,1934
member,Elizabeth (May) St & Fulton St,4337
casual,Elizabeth St & 47th St,62
member,Elizabeth St & 47th St,14
casual,Elizabeth St & 59th St,30
member,Elizabeth St & 59th St,11
casual,Elizabeth St & 92nd St,104
member,Elizabeth St & 92nd St,5
casual,Ellis Ave & 53rd St,1467
member,Ellis Ave & 53rd St,4071
casual,Ellis Ave & 55th St,2832
member,Ellis Ave & 55th St,11820
casual,Ellis Ave & 58th St,1777
member,Ellis Ave & 58th St,6937
casual,Ellis Ave & 60th St,4331
member,Ellis Ave & 60th St,16611
casual,Ellis Ave & 83rd St,150
member,Ellis Ave & 83rd St,18
casual,Elmwood Ave & Austin St,377
member,Elmwood Ave & Austin St,705
casual,Elston Ave & Cortland St,3359
member,Elston Ave & Cortland St,4812
casual,Elston Ave & George St,98
member,Elston Ave & George St,122
casual,Elston Ave & Henderson St,48
member,Elston Ave & Henderson St,35
casual,Elston Ave & Wabansia Ave,1369
member,Elston Ave & Wabansia Ave,1997
casual,Emerald Ave & 28th St,645
member,Emerald Ave & 28th St,2022
casual,Emerald Ave & 31st St,1307
member,Emerald Ave & 31st St,4670
casual,Evans Ave & 75th St,105
member,Evans Ave & 75th St,23
casual,Evanston Civic Center,680
member,Evanston Civic Center,684
member,Ewing Ave & 105th St,1
member,Ewing Ave & 99th St,1
casual,Ewing Ave & Burnham Greenway,60
member,Ewing Ave & Burnham Greenway,35
casual,Exchange Ave & 79th St,110
member,Exchange Ave & 79th St,85
casual,Fairbanks Ct & Grand Ave,12309
member,Fairbanks Ct & Grand Ave,11823
casual,Fairbanks St & Superior St,2788
member,Fairbanks St & Superior St,6528
casual,Fairfield Ave & 44th St,12
member,Fairfield Ave & 44th St,2
casual,Fairfield Ave & Roosevelt Rd,289
member,Fairfield Ave & Roosevelt Rd,331
casual,Federal St & Polk St,7465
member,Federal St & Polk St,11398
casual,Field Blvd & South Water St,5728
member,Field Blvd & South Water St,7149
casual,Field Museum,5341
member,Field Museum,1756
casual,Financial Pl & Ida B Wells Dr,2247
member,Financial Pl & Ida B Wells Dr,5155
casual,Forrestville Ave & 47th St,1
casual,Fort Dearborn Dr & 31st St,5563
member,Fort Dearborn Dr & 31st St,4120
casual,Francisco Ave & 47th St,44
member,Francisco Ave & 47th St,5
casual,Francisco Ave & Bloomingdale Ave,21
member,Francisco Ave & Bloomingdale Ave,75
casual,Francisco Ave & Foster Ave,743
member,Francisco Ave & Foster Ave,1296
casual,Francisco Ave & Hollywood Ave,4
member,Francisco Ave & Hollywood Ave,4
casual,Francisco Ave & Montrose Ave,49
member,Francisco Ave & Montrose Ave,103
casual,Franklin St & Adams St (Temp),4239
member,Franklin St & Adams St (Temp),5927
casual,Franklin St & Chicago Ave,4545
member,Franklin St & Chicago Ave,10065
casual,Franklin St & Illinois St,6383
member,Franklin St & Illinois St,9667
casual,Franklin St & Jackson Blvd,6500
member,Franklin St & Jackson Blvd,11042
casual,Franklin St & Lake St,5447
member,Franklin St & Lake St,9863
casual,Franklin St & Monroe St,3762
member,Franklin St & Monroe St,9248
casual,Fullerton & Monitor,13
member,Fullerton & Monitor,25
casual,Glenwood Ave & Morse Ave,1457
member,Glenwood Ave & Morse Ave,2672
casual,Glenwood Ave & Touhy Ave,777
member,Glenwood Ave & Touhy Ave,1192
casual,Grand Ave & North Ave,3
casual,Green St & 103rd St,1
casual,Green St & Madison St,10171
member,Green St & Madison St,16932
casual,Green St & Randolph St,9581
member,Green St & Randolph St,9658
casual,Green St & Randolph St*,829
member,Green St & Randolph St*,817
casual,Greenview Ave & Diversey Pkwy,3179
member,Greenview Ave & Diversey Pkwy,4028
casual,Greenview Ave & Fullerton Ave,5765
member,Greenview Ave & Fullerton Ave,7859
casual,Greenview Ave & Jarvis Ave,819
member,Greenview Ave & Jarvis Ave,2152
casual,Greenwood Ave & 47th St,868
member,Greenwood Ave & 47th St,855
casual,Greenwood Ave & 79th St,106
member,Greenwood Ave & 79th St,30
casual,Greenwood Ave & 91st St,55
member,Greenwood Ave & 91st St,13
casual,Greenwood Ave & 97th St,141
member,Greenwood Ave & 97th St,19
casual,Hale Ave & 107th St,157
member,Hale Ave & 107th St,62
casual,Halsted & 63rd - Kennedy-King Vaccination Site,99
member,Halsted & 63rd - Kennedy-King Vaccination Site,60
casual,Halsted St & 104th St,69
member,Halsted St & 104th St,18
casual,Halsted St & 111th St,63
member,Halsted St & 111th St,25
casual,Halsted St & 18th St,724
member,Halsted St & 18th St,1131
casual,Halsted St & 18th St (Temp),703
member,Halsted St & 18th St (Temp),982
casual,Halsted St & 21st St,1067
member,Halsted St & 21st St,915
casual,Halsted St & 35th St,898
member,Halsted St & 35th St,1192
casual,Halsted St & 37th St,349
member,Halsted St & 37th St,363
casual,Halsted St & 47th Pl,229
member,Halsted St & 47th Pl,419
casual,Halsted St & 51st St,111
member,Halsted St & 51st St,45
casual,Halsted St & 56th St,61
member,Halsted St & 56th St,14
casual,Halsted St & 59th St,39
member,Halsted St & 59th St,18
casual,Halsted St & 63rd St,1
member,Halsted St & 63rd St,1
casual,Halsted St & 69th St,39
member,Halsted St & 69th St,14
casual,Halsted St & 73rd St,91
member,Halsted St & 73rd St,26
casual,Halsted St & 78th St,75
member,Halsted St & 78th St,12
casual,Halsted St & 96th St,84
member,Halsted St & 96th St,51
casual,Halsted St & Archer Ave,716
member,Halsted St & Archer Ave,1143
casual,Halsted St & Clybourn Ave,6972
member,Halsted St & Clybourn Ave,12084
casual,Halsted St & Dickens Ave,7424
member,Halsted St & Dickens Ave,10207
casual,Halsted St & Maxwell St,2951
member,Halsted St & Maxwell St,5744
casual,Halsted St & North Branch St,741
member,Halsted St & North Branch St,1406
casual,Halsted St & Polk St,1994
member,Halsted St & Polk St,9237
casual,Halsted St & Roosevelt Rd,1181
member,Halsted St & Roosevelt Rd,4307
casual,Halsted St & Roscoe St,10160
member,Halsted St & Roscoe St,12040
casual,Halsted St & Willow St,4163
member,Halsted St & Willow St,7759
casual,Halsted St & Wrightwood Ave,7924
member,Halsted St & Wrightwood Ave,11542
casual,Hamilton Ave & 95th St,1
casual,Hamlin Ave & 62nd Pl,21
member,Hamlin Ave & 62nd Pl,6
casual,Hamlin Ave & Chicago Ave,1
member,Hamlin Ave & Chicago Ave,3
casual,Hamlin Ave & Fullerton Ave,11
member,Hamlin Ave & Fullerton Ave,15
casual,Hamlin Ave & Grand Ave,7
member,Hamlin Ave & Grand Ave,1
casual,Hamlin Ave & Montrose Ave,3
member,Hamlin Ave & Montrose Ave,11
casual,Hampden Ct & Diversey Ave,378
member,Hampden Ct & Diversey Ave,741
casual,Harding Ave & 26th St,12
member,Harding Ave & 26th St,14
casual,Harding Ave & 47th St,1
casual,Harlem & Irving Park,75
member,Harlem & Irving Park,25
casual,Harlem Ave & Grace St,16
member,Harlem Ave & Grace St,8
casual,Harold Washington Park,4
casual,Harper Ave & 59th St,1058
member,Harper Ave & 59th St,3311
member,Harriet E Sayre Public School,1
member,Harvey Ave & North Ave,2
member,Hastings WH 2,2
casual,Hegewisch Metra Station,49
member,Hegewisch Metra Station,13
casual,Hermitage Ave & Polk St,295
member,Hermitage Ave & Polk St,2122
member,Hiawatha Park,1
casual,Homan Ave & 65th St,27
member,Homan Ave & 65th St,5
casual,Homan Ave & Fillmore St,21
member,Homan Ave & Fillmore St,8
casual,Homewood Ave & 115th St,91
member,Homewood Ave & 115th St,22
casual,Homewood Ave & Monterey Ave,3
casual,Honore St & 87th St - SE,1
casual,Honore St & Division St,5351
member,Honore St & Division St,5672
casual,Houston Ave & 92nd St,112
member,Houston Ave & 92nd St,38
member,Hoyne Ave & 110th Pl,2
casual,Hoyne Ave & 34th St,15
member,Hoyne Ave & 34th St,8
casual,Hoyne Ave & 47th St,159
member,Hoyne Ave & 47th St,119
casual,Hoyne Ave & Balmoral Ave,892
member,Hoyne Ave & Balmoral Ave,1352
casual,Humboldt Blvd & Armitage Ave,2939
member,Humboldt Blvd & Armitage Ave,2338
casual,Hyde Park Blvd & 53rd St,9
member,Hyde Park Blvd & 53rd St,9
casual,Hyde Park Blvd & 55th St,10
member,Hyde Park Blvd & 55th St,11
casual,Indiana Ave & 103rd St,67
member,Indiana Ave & 103rd St,17
casual,Indiana Ave & 133rd St,3
casual,Indiana Ave & 26th St,946
member,Indiana Ave & 26th St,1629
casual,Indiana Ave & 31st St,831
member,Indiana Ave & 31st St,2761
casual,Indiana Ave & 40th St,211
member,Indiana Ave & 40th St,211
casual,Indiana Ave & Roosevelt Rd,14643
member,Indiana Ave & Roosevelt Rd,12865
casual,Jefferson St & Monroe St,2764
member,Jefferson St & Monroe St,5522
casual,Jeffery Blvd & 67th St,337
member,Jeffery Blvd & 67th St,125
casual,Jeffery Blvd & 71st St,248
member,Jeffery Blvd & 71st St,80
casual,Jeffery Blvd & 76th St,145
member,Jeffery Blvd & 76th St,43
casual,Jonathan Y Scammon Public School,8
casual,Karlov Ave & Kamerling Ave,4
member,Karlov Ave & Kamerling Ave,3
casual,Karlov Ave & Madison St,94
member,Karlov Ave & Madison St,23
casual,Kedvale Ave & Avondale Ave,6
casual,Kedzie Ave & 104th St,16
member,Kedzie Ave & 104th St,5
casual,Kedzie Ave & 110th St,73
member,Kedzie Ave & 110th St,16
casual,Kedzie Ave & 21st St,235
member,Kedzie Ave & 21st St,74
casual,Kedzie Ave & 24th St,129
member,Kedzie Ave & 24th St,45
casual,Kedzie Ave & 45th St,24
member,Kedzie Ave & 45th St,2
casual,Kedzie Ave & 48th Pl,108
member,Kedzie Ave & 48th Pl,52
casual,Kedzie Ave & 52nd St,38
member,Kedzie Ave & 52nd St,20
casual,Kedzie Ave & 54th St - SE,4
member,Kedzie Ave & 54th St - SE,1
casual,Kedzie Ave & 54th St - SW,1
member,Kedzie Ave & 54th St - SW,3
casual,Kedzie Ave & 57th St,60
member,Kedzie Ave & 57th St,18
casual,Kedzie Ave & 58th St,2
member,Kedzie Ave & 58th St,1
casual,Kedzie Ave & 61st Pl,1
member,Kedzie Ave & 61st Pl,1
casual,Kedzie Ave & 64th St - SE,1
casual,Kedzie Ave & 64th St - SW,3
member,Kedzie Ave & 64th St - SW,1
casual,Kedzie Ave & Archer Ave,1
member,Kedzie Ave & Argyle St,1
casual,Kedzie Ave & Bryn Mawr Ave,450
member,Kedzie Ave & Bryn Mawr Ave,558
casual,Kedzie Ave & Chicago Ave,493
member,Kedzie Ave & Chicago Ave,293
casual,Kedzie Ave & Foster Ave,577
member,Kedzie Ave & Foster Ave,511
casual,Kedzie Ave & George St,59
member,Kedzie Ave & George St,128
casual,Kedzie Ave & Harrison St,110
member,Kedzie Ave & Harrison St,39
casual,Kedzie Ave & Lake St,412
member,Kedzie Ave & Lake St,219
casual,Kedzie Ave & Leland Ave,579
member,Kedzie Ave & Leland Ave,652
casual,Kedzie Ave & Milwaukee Ave,6564
member,Kedzie Ave & Milwaukee Ave,4970
casual,Kedzie Ave & Palmer Ct,1940
member,Kedzie Ave & Palmer Ct,2115
casual,Kedzie Ave & Pershing Rd,1
casual,Kedzie Ave & Roosevelt Rd,313
member,Kedzie Ave & Roosevelt Rd,38
casual,Keeler Ave & 26th St,2
casual,Keeler Ave & Roosevelt Rd,27
member,Keeler Ave & Roosevelt Rd,2
casual,Kenneth Ave & 50th St,31
member,Kenneth Ave & 50th St,7
casual,Kenneth Ave & 63rd St,2
casual,Kenosha & Wellington,59
member,Kenosha & Wellington,19
casual,Kenton Ave & Madison St,62
member,Kenton Ave & Madison St,22
casual,Kenton Ave & Palmer St,2
member,Kenton Ave & Palmer St,32
casual,Keystone Ave & Fullerton Ave,761
member,Keystone Ave & Fullerton Ave,292
casual,Keystone Ave & Irving Park Rd,3
member,Keystone Ave & Irving Park Rd,3
casual,Keystone Ave & Montrose Ave,483
member,Keystone Ave & Montrose Ave,372
casual,Keystone Ave & North Ave,7
member,Keystone Ave & North Ave,7
casual,Kilbourn & Belden,87
member,Kilbourn & Belden,37
casual,Kilbourn & Roscoe,85
member,Kilbourn & Roscoe,75
casual,Kilbourn Ave & Fullerton Ave,2
member,Kilbourn Ave & Fullerton Ave,1
casual,Kilbourn Ave & Irving Park Rd,213
member,Kilbourn Ave & Irving Park Rd,151
casual,Kilbourn Ave & Milwaukee Ave,213
member,Kilbourn Ave & Milwaukee Ave,155
casual,Kildare & Cermak,11
member,Kildare & Cermak,2
casual,Kildare Ave & 26th St,14
member,Kildare Ave & 26th St,3
casual,Kildare Ave & 47th St,13
member,Kildare Ave & 47th St,3
casual,Kildare Ave & 55th St,15
member,Kildare Ave & 55th St,1
casual,Kildare Ave & Chicago Ave,19
member,Kildare Ave & Chicago Ave,4
casual,Kildare Ave & Division St,22
member,Kildare Ave & Division St,10
casual,Kildare Ave & Montrose Ave,309
member,Kildare Ave & Montrose Ave,338
casual,Kildare Ave & Washignton Blvd,1
casual,Kilpatrick Ave & Grand Ave,34
member,Kilpatrick Ave & Grand Ave,14
casual,Kilpatrick Ave & Parker Ave,83
member,Kilpatrick Ave & Parker Ave,63
casual,Kimball Ave & Belmont Ave,910
member,Kimball Ave & Belmont Ave,967
member,Kimball Ave & Carmen Ave,1
casual,Kimbark Ave & 53rd St,4230
member,Kimbark Ave & 53rd St,7569
casual,Kimbark Ave & 63rd St,2
casual,Kimbark Ave & 67th St,2
casual,Kingsbury St & Erie St,5992
member,Kingsbury St & Erie St,13047
casual,Kingsbury St & Kinzie St,8729
member,Kingsbury St & Kinzie St,25057
casual,Knox Ave & Montrose Ave,287
member,Knox Ave & Montrose Ave,239
casual,Kolin Ave & Archer Ave,1
casual,Komensky Ave & 31st St,36
member,Komensky Ave & 31st St,60
casual,Komensky Ave & 55th St,21
member,Komensky Ave & 55th St,3
casual,Komensky Ave & 59th St,3
casual,Kosciuszko Park,1264
member,Kosciuszko Park,783
casual,Kostner Ave & 63rd St,39
member,Kostner Ave & 63rd St,17
casual,Kostner Ave & Adams St,63
member,Kostner Ave & Adams St,53
casual,Kostner Ave & Armitage Ave,9
member,Kostner Ave & Armitage Ave,3
casual,Kostner Ave & Lake St,64
member,Kostner Ave & Lake St,7
casual,Kostner Ave & North Ave,2
member,Kostner Ave & North Ave,2
casual,Kostner Ave & Wrightwood Ave,76
member,Kostner Ave & Wrightwood Ave,31
casual,La Villita Park (Albany/30th),35
member,La Villita Park (Albany/30th),4
casual,Lafayette Ave & 95th St,2
casual,Laflin St & Cullerton St,1205
member,Laflin St & Cullerton St,1314
casual,Lake Park Ave & 35th St,2057
member,Lake Park Ave & 35th St,876
casual,Lake Park Ave & 44th St,1
casual,Lake Park Ave & 47th St,1144
member,Lake Park Ave & 47th St,1229
casual,Lake Park Ave & 53rd St,3120
member,Lake Park Ave & 53rd St,3153
casual,Lake Park Ave & 56th St,2167
member,Lake Park Ave & 56th St,4178
casual,Lake Shore Dr & Belmont Ave,3089
member,Lake Shore Dr & Belmont Ave,2423
casual,Lake Shore Dr & Diversey Pkwy,3052
member,Lake Shore Dr & Diversey Pkwy,2711
casual,Lake Shore Dr & Monroe St,8842
member,Lake Shore Dr & Monroe St,2751
casual,Lake Shore Dr & North Blvd,11961
member,Lake Shore Dr & North Blvd,5949
casual,Lake Shore Dr & Ohio St,3523
member,Lake Shore Dr & Ohio St,2112
casual,Lake Shore Dr & Wellington Ave,2830
member,Lake Shore Dr & Wellington Ave,2642
casual,Lakefront Trail & Bryn Mawr Ave,6952
member,Lakefront Trail & Bryn Mawr Ave,8335
casual,Lakefront Trail & Wilson Ave,4490
member,Lakefront Trail & Wilson Ave,4366
casual,Lakeview Ave & Fullerton Pkwy,11351
member,Lakeview Ave & Fullerton Pkwy,12292
casual,Lamon Ave & Armitage Ave,83
member,Lamon Ave & Armitage Ave,16
casual,Lamon Ave & Belmont Ave,73
member,Lamon Ave & Belmont Ave,90
casual,Lamon Ave & Chicago Ave,41
member,Lamon Ave & Chicago Ave,10
member,Langley Ave & 79th St,1
casual,Laramie Ave & Belmont Ave,2
member,Laramie Ave & Belmont Ave,3
casual,Laramie Ave & Fullerton Ave,5
casual,Laramie Ave & Gladys Ave,60
member,Laramie Ave & Gladys Ave,9
casual,Laramie Ave & Grand Ave,3
casual,Laramie Ave & Kinzie St,90
member,Laramie Ave & Kinzie St,29
casual,Laramie Ave & Madison St,98
member,Laramie Ave & Madison St,54
casual,Larrabee St & Armitage Ave,4088
member,Larrabee St & Armitage Ave,6574
casual,Larrabee St & Division St,4436
member,Larrabee St & Division St,7286
casual,Larrabee St & Kingsbury St,4083
member,Larrabee St & Kingsbury St,12640
casual,Larrabee St & Menomonee St,1983
member,Larrabee St & Menomonee St,4013
casual,Larrabee St & North Ave,3124
member,Larrabee St & North Ave,4374
casual,Larrabee St & Oak St,1997
member,Larrabee St & Oak St,5711
casual,Larrabee St & Webster Ave,11898
member,Larrabee St & Webster Ave,13796
casual,LaSalle Dr & Huron St,6199
member,LaSalle Dr & Huron St,7615
casual,LaSalle St & Adams St,2288
member,LaSalle St & Adams St,3440
casual,LaSalle St & Illinois St,12270
member,LaSalle St & Illinois St,12669
casual,LaSalle St & Jackson Blvd,2799
member,LaSalle St & Jackson Blvd,9861
casual,LaSalle St & Washington St,3186
member,LaSalle St & Washington St,6754
casual,Latrobe Ave & Chicago Ave,129
member,Latrobe Ave & Chicago Ave,26
member,Latrobe Ave & Lake St,1
casual,Lavergne & Fullerton,59
member,Lavergne & Fullerton,51
casual,Lavergne Ave & 46th St,21
member,Lavergne Ave & 46th St,6
casual,Lavergne Ave & Division St,28
member,Lavergne Ave & Division St,2
casual,Lawler Ave & 50th St,45
member,Lawler Ave & 50th St,42
casual,Lawndale Ave & 111th St,166
member,Lawndale Ave & 111th St,16
casual,Lawndale Ave & 16th St,33
member,Lawndale Ave & 16th St,10
casual,Lawndale Ave & 30th St,69
member,Lawndale Ave & 30th St,4
casual,Lawndale Ave & Diversey Ave,5
member,Lawndale Ave & Diversey Ave,14
member,Lawndale Ave & Polk St,1
casual,Leamington Ave & Hirsch St,20
member,Leamington Ave & Hirsch St,1
casual,Leavitt St & Addison St,1178
member,Leavitt St & Addison St,1629
casual,Leavitt St & Archer Ave,352
member,Leavitt St & Archer Ave,325
casual,Leavitt St & Armitage Ave,2408
member,Leavitt St & Armitage Ave,3095
casual,Leavitt St & Belmont Ave,1797
member,Leavitt St & Belmont Ave,2375
casual,Leavitt St & Chicago Ave,2286
member,Leavitt St & Chicago Ave,2682
casual,Leavitt St & Division St,1433
member,Leavitt St & Division St,2610
casual,Leavitt St & Lawrence Ave,909
member,Leavitt St & Lawrence Ave,1678
casual,Leavitt St & North Ave,3008
member,Leavitt St & North Ave,3536
casual,Legler Regional Library,1
casual,Lincoln Ave & Addison St,1506
member,Lincoln Ave & Addison St,1771
casual,Lincoln Ave & Balmoral Ave,57
member,Lincoln Ave & Balmoral Ave,166
casual,Lincoln Ave & Belle Plaine Ave,2101
member,Lincoln Ave & Belle Plaine Ave,3813
casual,Lincoln Ave & Belmont Ave,4033
member,Lincoln Ave & Belmont Ave,7562
casual,Lincoln Ave & Belmont Ave (Temp),6
casual,Lincoln Ave & Diversey Pkwy,6013
member,Lincoln Ave & Diversey Pkwy,10562
casual,Lincoln Ave & Fullerton Ave,9623
member,Lincoln Ave & Fullerton Ave,12556
casual,Lincoln Ave & Peterson Ave,44
member,Lincoln Ave & Peterson Ave,50
casual,Lincoln Ave & Roscoe St,4208
member,Lincoln Ave & Roscoe St,6835
member,Lincoln Ave & Roscoe St - Charging,3
casual,Lincoln Ave & Roscoe St*,429
member,Lincoln Ave & Roscoe St*,637
casual,Lincoln Ave & Sunnyside Ave,1818
member,Lincoln Ave & Sunnyside Ave,3531
casual,Lincoln Ave & Waveland Ave,1757
member,Lincoln Ave & Waveland Ave,3235
casual,Lincoln Ave & Winona St,958
member,Lincoln Ave & Winona St,1419
casual,Lincoln Park Conservatory,8628
member,Lincoln Park Conservatory,5265
casual,Lincolnwood Dr & Central St,288
member,Lincolnwood Dr & Central St,388
member,Linder Ave & Archer Ave,1
member,Linder Ave & Belmont Ave,1
casual,Lockwood Ave & Wrightwood Ave,94
member,Lockwood Ave & Wrightwood Ave,73
casual,Logan Blvd & Elston Ave,3144
member,Logan Blvd & Elston Ave,3142
casual,Long & Irving Park,153
member,Long & Irving Park,95
casual,Long Ave & Belden Ave,46
member,Long Ave & Belden Ave,24
casual,Long Ave & Belmont Ave,61
member,Long Ave & Belmont Ave,57
casual,Long Ave & North Ave,26
member,Long Ave & North Ave,2
casual,Loomis Blvd & 84th St,114
member,Loomis Blvd & 84th St,23
casual,Loomis St & 89th St,118
member,Loomis St & 89th St,5
casual,Loomis St & Archer Ave,532
member,Loomis St & Archer Ave,852
casual,Loomis St & Jackson Blvd,1941
member,Loomis St & Jackson Blvd,4664
casual,Loomis St & Lexington St,2849
member,Loomis St & Lexington St,14631
casual,Lowell Ave & Elston Ave,10
member,Lowell Ave & Elston Ave,3
member,Mackinaw Ave & 108th St,1
casual,Major Ave & Bloomingdale Ave,22
member,Major Ave & Bloomingdale Ave,5
casual,Major Taylor Trail & 115th St,117
member,Major Taylor Trail & 115th St,26
casual,Major Taylor Trail & 124th St,85
member,Major Taylor Trail & 124th St,8
casual,Malcolm X College Vaccination Site,740
member,Malcolm X College Vaccination Site,716
casual,Manor Ave & Leland Ave,533
member,Manor Ave & Leland Ave,1183
casual,Maplewood Ave & 59th St,27
member,Maplewood Ave & 59th St,1
casual,Maplewood Ave & Peterson Ave,420
member,Maplewood Ave & Peterson Ave,279
casual,Marine Dr & Ainslie St,3799
member,Marine Dr & Ainslie St,4187
member,Marquette Ave & 79th St,1
casual,Marquette Ave & 89th St,122
member,Marquette Ave & 89th St,10
casual,Marshfield Ave & 44th St,146
member,Marshfield Ave & 44th St,268
member,Marshfield Ave & 45th St,3
casual,Marshfield Ave & 59th St,43
member,Marshfield Ave & 59th St,25
casual,Maryland Ave & 104th St,37
member,Maryland Ave & 104th St,28
casual,Mason Ave & Belmont Ave,73
member,Mason Ave & Belmont Ave,16
casual,May St & 69th St,87
member,May St & 69th St,47
casual,May St & Cullerton St,1029
member,May St & Cullerton St,1323
casual,May St & Taylor St,2631
member,May St & Taylor St,7721
casual,Mayfield & Roosevelt Rd,4
member,Mayfield & Roosevelt Rd,2
casual,McClurg Ct & Erie St,6449
member,McClurg Ct & Erie St,12762
casual,McClurg Ct & Ohio St,2268
member,McClurg Ct & Ohio St,2816
casual,McCormick Blvd & Devon Ave,2
casual,McCormick Place,3650
member,McCormick Place,1111
member,McVicker Ave & Grand Ave,3
casual,Meade Ave & Addison St,53
member,Meade Ave & Addison St,43
casual,Meade Ave & Diversey Ave,43
member,Meade Ave & Diversey Ave,19
casual,Melvina Ave & Belmont Ave,1
member,Melvina Ave & Belmont Ave,1
member,Menard Ave & Agusta Blvd,1
casual,Menard Ave & Belmont Ave,1
member,Menard Ave & Belmont Ave,1
casual,Menard Ave & Dakin St - midblock,2
casual,Menard Ave & Division St,36
member,Menard Ave & Division St,5
member,Menard Ave & Grand Ave,1
casual,Menard Ave & North Ave,7
member,Menard Ave & North Ave,4
casual,Michigan Ave & 110th St,1
member,Michigan Ave & 110th St,1
member,Michigan Ave & 113th St,1
casual,Michigan Ave & 114th St,42
member,Michigan Ave & 114th St,5
casual,Michigan Ave & 14th St,5305
member,Michigan Ave & 14th St,8213
casual,Michigan Ave & 18th St,3524
member,Michigan Ave & 18th St,6207
casual,Michigan Ave & 71st St,73
member,Michigan Ave & 71st St,10
casual,Michigan Ave & 8th St,12132
member,Michigan Ave & 8th St,5267
casual,Michigan Ave & Ida B Wells Dr,4974
member,Michigan Ave & Ida B Wells Dr,2620
casual,Michigan Ave & Jackson Blvd,7553
member,Michigan Ave & Jackson Blvd,3838
casual,Michigan Ave & Lake St,12764
member,Michigan Ave & Lake St,11575
casual,Michigan Ave & Madison St,5870
member,Michigan Ave & Madison St,5947
casual,Michigan Ave & Oak St,29789
member,Michigan Ave & Oak St,13237
casual,Michigan Ave & Pearson St,7241
member,Michigan Ave & Pearson St,5215
casual,Michigan Ave & Washington St,12449
member,Michigan Ave & Washington St,12182
casual,Midway Orange Line,11
member,Midway Orange Line,4
casual,Mies van der Rohe Way & Chestnut St,7358
member,Mies van der Rohe Way & Chestnut St,9924
casual,Mies van der Rohe Way & Chicago Ave,5868
member,Mies van der Rohe Way & Chicago Ave,10544
casual,Millard Ave & 26th St,294
member,Millard Ave & 26th St,108
casual,Millennium Park,31877
member,Millennium Park,8457
casual,Milwaukee Ave & Addison St,6
member,Milwaukee Ave & Addison St,2
casual,Milwaukee Ave & Cuyler Ave,363
member,Milwaukee Ave & Cuyler Ave,409
casual,Milwaukee Ave & Diversey Ave,24
member,Milwaukee Ave & Diversey Ave,17
casual,Milwaukee Ave & Fullerton Ave,217
member,Milwaukee Ave & Fullerton Ave,269
casual,Milwaukee Ave & Grand Ave,7059
member,Milwaukee Ave & Grand Ave,10974
casual,Milwaukee Ave & Haussen Ct,10
member,Milwaukee Ave & Haussen Ct,2
casual,Milwaukee Ave & Rockwell St,2036
member,Milwaukee Ave & Rockwell St,2536
casual,Milwaukee Ave & School St,4
member,Milwaukee Ave & School St,4
casual,Milwaukee Ave & Wabansia Ave,5014
member,Milwaukee Ave & Wabansia Ave,7610
casual,Milwaukee Ave & Waveland Ave,1
casual,MLK Jr Dr & 29th St,1430
member,MLK Jr Dr & 29th St,5489
casual,MLK Jr Dr & 47th St,512
member,MLK Jr Dr & 47th St,205
casual,MLK Jr Dr & 56th St,210
member,MLK Jr Dr & 56th St,88
casual,MLK Jr Dr & 63rd St,210
member,MLK Jr Dr & 63rd St,192
casual,MLK Jr Dr & 83rd St,69
member,MLK Jr Dr & 83rd St,41
casual,MLK Jr Dr & Pershing Rd,692
member,MLK Jr Dr & Pershing Rd,475
casual,Monticello Ave & Belmont Ave,7
member,Monticello Ave & Belmont Ave,15
casual,Monticello Ave & Chicago Ave,23
member,Monticello Ave & Chicago Ave,10
casual,Monticello Ave & Irving Park Rd,724
member,Monticello Ave & Irving Park Rd,580
casual,Montrose Harbor,10959
member,Montrose Harbor,7451
casual,Morgan Ave & 14th Pl,1123
member,Morgan Ave & 14th Pl,3746
member,Morgan St & 103rd St,2
casual,Morgan St & 18th St,2153
member,Morgan St & 18th St,3204
casual,Morgan St & 31st St,1185
member,Morgan St & 31st St,2463
casual,Morgan St & 87th St,1
casual,Morgan St & Lake St,9191
member,Morgan St & Lake St,11946
casual,Morgan St & Lake St*,722
member,Morgan St & Lake St*,934
casual,Morgan St & Pershing Rd,91
member,Morgan St & Pershing Rd,215
casual,Morgan St & Polk St,1872
member,Morgan St & Polk St,9648
casual,Mozart Elementary School,28
member,Mozart Elementary School,12
casual,Mozart St & Jackson Blvd,2
member,Mozart St & Jackson Blvd,14
casual,MTV Hubbard St,1
member,MTV Hubbard St,13
casual,Mulligan Ave & Wellington Ave,85
member,Mulligan Ave & Wellington Ave,77
casual,Museum of Science and Industry,3256
member,Museum of Science and Industry,1652
casual,N Carpenter St & W Lake St,175
member,N Carpenter St & W Lake St,420
casual,N Clark St & W Elm St,33
member,N Clark St & W Elm St,43
casual,N Damen Ave & W Chicago Ave,24
member,N Damen Ave & W Chicago Ave,19
casual,N Green St & W Lake St,1222
member,N Green St & W Lake St,1384
casual,N Narragansett Ave & Grand Ave,2
member,N Narragansett Ave & Grand Ave,1
casual,N Paulina St & Lincoln Ave,84
member,N Paulina St & Lincoln Ave,112
casual,N Sheffield Ave & W Wellington Ave,407
member,N Sheffield Ave & W Wellington Ave,346
casual,N Shore Channel Trail & Argyle Ave,6
member,N Shore Channel Trail & Argyle Ave,1
casual,N Shore Channel Trail & Argyle St,68
member,N Shore Channel Trail & Argyle St,54
casual,N Southport Ave & W Newport Ave,243
member,N Southport Ave & W Newport Ave,201
casual,Narragansett & Irving Park,76
member,Narragansett & Irving Park,57
casual,Narragansett & McLean,20
member,Narragansett & McLean,6
casual,Narragansett & Wrightwood,157
member,Narragansett & Wrightwood,47
casual,Narragansett Ave & Fullerton Ave,2
member,Narragansett Ave & Fullerton Ave,5
casual,Narragansett Ave & School St,51
member,Narragansett Ave & School St,20
casual,Neva Ave & Grand Ave,2
member,Neva Ave & Grand Ave,3
casual,New St & Illinois St,13209
member,New St & Illinois St,12728
casual,Newcastle Ave & Belden Ave,6
member,Newcastle Ave & Belden Ave,6
casual,Newcastle Ave & Wellington Ave,1
casual,Noble St & Milwaukee Ave,3271
member,Noble St & Milwaukee Ave,5779
casual,Nordica & Medill,45
member,Nordica & Medill,27
casual,Normal Ave & Archer Ave,352
member,Normal Ave & Archer Ave,760
casual,North Ave & New England Ave,23
member,North Ave & New England Ave,23
casual,Oak Park & Wellington,90
member,Oak Park & Wellington,33
casual,Oakley Ave & Irving Park Rd,1011
member,Oakley Ave & Irving Park Rd,1595
casual,Oakley Ave & Touhy Ave,290
member,Oakley Ave & Touhy Ave,348
casual,Ogden Ave & Chicago Ave,4607
member,Ogden Ave & Chicago Ave,6861
casual,Ogden Ave & Congress Pkwy,632
member,Ogden Ave & Congress Pkwy,2074
casual,Ogden Ave & Race Ave,3761
member,Ogden Ave & Race Ave,7193
casual,Ogden Ave & Roosevelt Rd,614
member,Ogden Ave & Roosevelt Rd,736
casual,Oglesby Ave & 100th St,75
member,Oglesby Ave & 100th St,14
member,Oglesby Ave & 95th St,4
casual,Oketo Ave & Addison St,50
member,Oketo Ave & Addison St,6
casual,Olive Harvey College,5
member,Olive Harvey College,14
casual,Orange & Addison,76
member,Orange & Addison,30
casual,Orleans St & Chestnut St (NEXT Apts),4223
member,Orleans St & Chestnut St (NEXT Apts),6149
casual,Orleans St & Elm St,1984
member,Orleans St & Elm St,3064
casual,Orleans St & Hubbard St,3066
member,Orleans St & Hubbard St,6790
casual,Orleans St & Merchandise Mart Plaza,5511
member,Orleans St & Merchandise Mart Plaza,12242
casual,Panama Ave & Grace St,19
member,Panama Ave & Grace St,1
casual,Parkside Ave & Armitage Ave,7
casual,Paulina Ave & North Ave,3995
member,Paulina Ave & North Ave,5318
casual,Paulina St & 18th St,1937
member,Paulina St & 18th St,2413
casual,Paulina St & Flournoy St,1525
member,Paulina St & Flournoy St,8135
casual,Paulina St & Howard St,581
member,Paulina St & Howard St,1624
casual,Paulina St & Montrose Ave,1170
member,Paulina St & Montrose Ave,2099
casual,Pawel Bialowas - Test- PBSC charging station,1
casual,Peoria St & Jackson Blvd,5327
member,Peoria St & Jackson Blvd,10596
member,Perry Ave & 108th Pl,2
casual,Perry Ave & 69th St,101
member,Perry Ave & 69th St,22
casual,Phillips Ave & 79th St,214
member,Phillips Ave & 79th St,46
casual,Phillips Ave & 83rd St,59
member,Phillips Ave & 83rd St,15
casual,Pine Grove Ave & Irving Park Rd,6024
member,Pine Grove Ave & Irving Park Rd,8039
casual,Pine Grove Ave & Waveland Ave,7680
member,Pine Grove Ave & Waveland Ave,11644
casual,Ping Tom Park (East),21
member,Ping Tom Park (East),36
casual,Plainfield & Irving Park,66
member,Plainfield & Irving Park,2
casual,Prairie Ave & 43rd St,544
member,Prairie Ave & 43rd St,228
casual,Prairie Ave & 47th St - midblock,3
member,Prairie Ave & 47th St - midblock,3
casual,Prairie Ave & Garfield Blvd,575
member,Prairie Ave & Garfield Blvd,492
casual,Princeton Ave & 47th St,244
member,Princeton Ave & 47th St,150
casual,Princeton Ave & Garfield Blvd,166
member,Princeton Ave & Garfield Blvd,105
casual,Prospect Sq & 91st St,187
member,Prospect Sq & 91st St,41
casual,Pulaski & 52nd,6
casual,Pulaski & Ann Lurie Pl,11
member,Pulaski & Ann Lurie Pl,11
casual,Pulaski Rd & 21st St,57
member,Pulaski Rd & 21st St,49
casual,Pulaski Rd & 41st,2
casual,Pulaski Rd & 44th St,6
member,Pulaski Rd & 44th St,10
casual,Pulaski Rd & 51st St,77
member,Pulaski Rd & 51st St,60
casual,Pulaski Rd & 60th St,11
member,Pulaski Rd & 60th St,6
casual,Pulaski Rd & Armitage Ave,10
member,Pulaski Rd & Armitage Ave,3
casual,Pulaski Rd & Congress Pkwy,118
member,Pulaski Rd & Congress Pkwy,28
casual,Pulaski Rd & Eddy St (Temp),304
member,Pulaski Rd & Eddy St (Temp),165
casual,Pulaski Rd & Fullerton Ave,14
member,Pulaski Rd & Fullerton Ave,10
casual,Pulaski Rd & Lake St,156
member,Pulaski Rd & Lake St,80
casual,Pullman - Planet Fitness,1
member,Pullman - Walmart,2
casual,Racine Ave & 109th Pl,2
member,Racine Ave & 109th Pl,1
casual,Racine Ave & 13th St,674
member,Racine Ave & 13th St,539
casual,Racine Ave & 15th St,1246
member,Racine Ave & 15th St,1778
casual,Racine Ave & 18th St,2859
member,Racine Ave & 18th St,4194
casual,Racine Ave & 35th St,494
member,Racine Ave & 35th St,639
casual,Racine Ave & 61st St,34
member,Racine Ave & 61st St,30
casual,Racine Ave & 65th St,36
member,Racine Ave & 65th St,8
casual,Racine Ave & 76th,2
casual,Racine Ave & Belmont Ave,6963
member,Racine Ave & Belmont Ave,7577
casual,Racine Ave & Congress Pkwy,1113
member,Racine Ave & Congress Pkwy,3895
casual,Racine Ave & Fullerton Ave,4683
member,Racine Ave & Fullerton Ave,11602
casual,Racine Ave & Garfield Blvd,115
member,Racine Ave & Garfield Blvd,21
casual,Racine Ave & Randolph St,1937
member,Racine Ave & Randolph St,3365
casual,Racine Ave & Washington Blvd,1797
member,Racine Ave & Washington Blvd,3370
casual,Racine Ave & Wrightwood Ave,3406
member,Racine Ave & Wrightwood Ave,5520
casual,Rainbow Beach,195
member,Rainbow Beach,55
casual,Ravenswood Ave & Berteau Ave,1175
member,Ravenswood Ave & Berteau Ave,2654
casual,Ravenswood Ave & Irving Park Rd,1819
member,Ravenswood Ave & Irving Park Rd,3823
casual,Ravenswood Ave & Lawrence Ave,3906
member,Ravenswood Ave & Lawrence Ave,8677
casual,Rhodes Ave & 32nd St,1105
member,Rhodes Ave & 32nd St,2785
casual,Rhodes Ave & 71st St,74
member,Rhodes Ave & 71st St,9
casual,Richmond St & 59th St,24
member,Richmond St & 59th St,4
casual,Richmond St & Diversey Ave,1341
member,Richmond St & Diversey Ave,1122
casual,Richmond St & Lincoln Ave,22
member,Richmond St & Lincoln Ave,25
casual,Ridge Blvd & Howard St,256
member,Ridge Blvd & Howard St,404
casual,Ridge Blvd & Touhy Ave,333
member,Ridge Blvd & Touhy Ave,430
casual,Ritchie Ct & Banks St,6039
member,Ritchie Ct & Banks St,7354
casual,Robert Fulton Elementary School,3
casual,Rockwell & 111th St,1
casual,Rockwell Ave & Touhy Ave,6
member,Rockwell Ave & Touhy Ave,3
casual,Rockwell St & 57th St,29
member,Rockwell St & 57th St,12
casual,Rockwell St & 63rd St,14
member,Rockwell St & 63rd St,4
casual,Rockwell St & Archer Ave,54
member,Rockwell St & Archer Ave,42
casual,Rockwell St & Cermak Rd,51
member,Rockwell St & Cermak Rd,80
casual,Rockwell St & Eastwood Ave,776
member,Rockwell St & Eastwood Ave,1911
casual,Rockwell St & Fletcher St,156
member,Rockwell St & Fletcher St,111
casual,Roscoe & Harlem,27
member,Roscoe & Harlem,15
casual,Rush St & Cedar St,9348
member,Rush St & Cedar St,10620
casual,Rush St & Hubbard St,3867
member,Rush St & Hubbard St,5673
casual,Rush St & Superior St,7996
member,Rush St & Superior St,11342
casual,Rutherford Ave & Belmont Ave,1
casual,S Aberdeen St & W 106th St,13
member,S Aberdeen St & W 106th St,6
casual,S Michigan Ave & E 118th St,1
casual,S Wentworth Ave & W 111th St,10
member,S Wentworth Ave & W 111th St,2
casual,Sacramento Ave & 25th St,12
member,Sacramento Ave & 25th St,8
casual,Sacramento Ave & Devon Ave,4
member,Sacramento Ave & Devon Ave,3
casual,Sacramento Ave & Greenleaf Ave,6
member,Sacramento Ave & Greenleaf Ave,1
casual,Sacramento Ave & Pershing Rd,49
member,Sacramento Ave & Pershing Rd,15
casual,Sacramento Blvd & Addison St,68
member,Sacramento Blvd & Addison St,44
casual,Sacramento Blvd & Franklin Blvd,126
member,Sacramento Blvd & Franklin Blvd,217
casual,Sacramento Blvd & Fulton Ave,8
member,Sacramento Blvd & Fulton Ave,22
casual,Sacramento Blvd & Polk St,7
member,Sacramento Blvd & Polk St,3
casual,Sangamon St & Washington Blvd,4011
member,Sangamon St & Washington Blvd,6711
casual,Sawyer Ave & 111th St,1
casual,Sawyer Ave & Bryn Mawr Ave - SE,1
member,Sawyer Ave & Bryn Mawr Ave - SE,2
casual,Sawyer Ave & Irving Park Rd,552
member,Sawyer Ave & Irving Park Rd,534
casual,Sawyer Ave & Lawrence Ave,1
member,Sawyer Ave & Lawrence Ave,1
casual,Sayre & Diversey,39
member,Sayre & Diversey,7
casual,Sedgwick St & Huron St,3585
member,Sedgwick St & Huron St,8723
casual,Sedgwick St & North Ave,7290
member,Sedgwick St & North Ave,9786
casual,Sedgwick St & Schiller St,2413
member,Sedgwick St & Schiller St,2953
casual,Sedgwick St & Webster Ave,6223
member,Sedgwick St & Webster Ave,8779
casual,Seeley Ave & Garfield Blvd,70
member,Seeley Ave & Garfield Blvd,12
casual,Seeley Ave & Roscoe St,2595
member,Seeley Ave & Roscoe St,3257
casual,Shabbona Park,33
member,Shabbona Park,9
casual,Shedd Aquarium,21096
member,Shedd Aquarium,5197
casual,Sheffield Ave & Fullerton Ave,6914
member,Sheffield Ave & Fullerton Ave,14343
casual,Sheffield Ave & Kingsbury St,4668
member,Sheffield Ave & Kingsbury St,9114
casual,Sheffield Ave & Waveland Ave,13003
member,Sheffield Ave & Waveland Ave,10232
casual,Sheffield Ave & Webster Ave,7256
member,Sheffield Ave & Webster Ave,10057
casual,Sheffield Ave & Wellington Ave,7576
member,Sheffield Ave & Wellington Ave,9943
casual,Sheffield Ave & Willow St,4693
member,Sheffield Ave & Willow St,8459
casual,Sheffield Ave & Wrightwood Ave,7420
member,Sheffield Ave & Wrightwood Ave,8614
casual,Sheridan Rd & Buena Ave,2871
member,Sheridan Rd & Buena Ave,5738
casual,Sheridan Rd & Columbia Ave,1366
member,Sheridan Rd & Columbia Ave,2450
casual,Sheridan Rd & Greenleaf Ave,1060
member,Sheridan Rd & Greenleaf Ave,1085
casual,Sheridan Rd & Irving Park Rd,5744
member,Sheridan Rd & Irving Park Rd,8795
casual,Sheridan Rd & Lawrence Ave,2339
member,Sheridan Rd & Lawrence Ave,4045
casual,Sheridan Rd & Loyola Ave,2053
member,Sheridan Rd & Loyola Ave,2379
casual,Sheridan Rd & Montrose Ave,5626
member,Sheridan Rd & Montrose Ave,9394
casual,Sheridan Rd & Noyes St (NU),2634
member,Sheridan Rd & Noyes St (NU),3006
casual,Shields Ave & 28th Pl,630
member,Shields Ave & 28th Pl,1220
casual,Shields Ave & 31st St,549
member,Shields Ave & 31st St,2590
casual,Shields Ave & 43rd St,94
member,Shields Ave & 43rd St,36
casual,Shore Dr & 55th St,5869
member,Shore Dr & 55th St,6008
casual,Smith Park,935
member,Smith Park,1422
casual,South Chicago Ave & 83rd St,72
member,South Chicago Ave & 83rd St,16
casual,South Chicago Ave & Elliot Ave,29
member,South Chicago Ave & Elliot Ave,9
casual,South Shore Dr & 67th St,695
member,South Shore Dr & 67th St,372
casual,South Shore Dr & 71st St,720
member,South Shore Dr & 71st St,707
casual,South Shore Dr & 74th St,275
member,South Shore Dr & 74th St,141
casual,Southport Ave & Belmont Ave,4814
member,Southport Ave & Belmont Ave,5679
casual,Southport Ave & Clark St,1137
member,Southport Ave & Clark St,2055
casual,Southport Ave & Clybourn Ave,4783
member,Southport Ave & Clybourn Ave,6448
casual,Southport Ave & Irving Park Rd,2487
member,Southport Ave & Irving Park Rd,5138
casual,Southport Ave & Roscoe St,8472
member,Southport Ave & Roscoe St,11662
casual,Southport Ave & Waveland Ave,7523
member,Southport Ave & Waveland Ave,10712
casual,Southport Ave & Wellington Ave,5376
member,Southport Ave & Wellington Ave,7732
casual,Southport Ave & Wrightwood Ave,6306
member,Southport Ave & Wrightwood Ave,6669
casual,Spaulding Ave & 16th St,51
member,Spaulding Ave & 16th St,26
casual,Spaulding Ave & 63rd St,31
member,Spaulding Ave & 63rd St,12
casual,Spaulding Ave & Armitage Ave,2394
member,Spaulding Ave & Armitage Ave,1702
casual,Spaulding Ave & Bryn Mawr Ave,4
member,Spaulding Ave & Bryn Mawr Ave,4
casual,Spaulding Ave & Division St,959
member,Spaulding Ave & Division St,983
casual,Spaulding Ave & Evergreen Ave,9
member,Spaulding Ave & Evergreen Ave,10
casual,Spaulding Ave & Foster Ave,1
member,Spaulding Ave & Foster Ave,1
casual,Spaulding Ave & North Ave,4
member,Spaulding Ave & North Ave,12
casual,Springfield Ave & 47th St,37
member,Springfield Ave & 47th St,8
casual,Springfield Ave & 63rd St,3
casual,St Louis Ave & 59th St,59
member,St Louis Ave & 59th St,5
casual,St Louis Ave & Berteau Ave,3
casual,St Louis Ave & Norman Bobbins Ave,46
member,St Louis Ave & Norman Bobbins Ave,4
casual,St. Clair St & Erie St,11150
member,St. Clair St & Erie St,17949
casual,St. Louis Ave & Balmoral Ave,365
member,St. Louis Ave & Balmoral Ave,385
casual,St. Louis Ave & Fullerton Ave,1501
member,St. Louis Ave & Fullerton Ave,1504
casual,State St & 123rd St,159
member,State St & 123rd St,11
casual,State St & 19th St,1396
member,State St & 19th St,1643
casual,State St & 29th St,386
member,State St & 29th St,649
casual,State St & 33rd St,1395
member,State St & 33rd St,9341
casual,State St & 35th St,975
member,State St & 35th St,3476
casual,State St & 54th St,97
member,State St & 54th St,64
casual,State St & 76th St,36
member,State St & 76th St,9
casual,State St & 79th St,163
member,State St & 79th St,37
casual,State St & 95th St,260
member,State St & 95th St,76
casual,State St & Chicago Ave,1100
member,State St & Chicago Ave,2559
casual,State St & Harrison St,4580
member,State St & Harrison St,3926
casual,State St & Kinzie St,9588
member,State St & Kinzie St,10854
casual,State St & Pearson St,4141
member,State St & Pearson St,6368
casual,State St & Pershing Rd,110
member,State St & Pershing Rd,195
casual,State St & Randolph St,9001
member,State St & Randolph St,10355
casual,State St & Van Buren St,3347
member,State St & Van Buren St,5466
casual,Stave St & Armitage Ave,2045
member,Stave St & Armitage Ave,2524
casual,Steelworkers Park,6
member,Steelworkers Park,6
casual,Stetson Ave & South Water St,5922
member,Stetson Ave & South Water St,6210
casual,Stewart Ave & 63rd St,119
member,Stewart Ave & 63rd St,21
casual,Stewart Ave & 83rd St,98
member,Stewart Ave & 83rd St,16
casual,Stockton Dr & Wrightwood Ave,7788
member,Stockton Dr & Wrightwood Ave,9353
casual,Stony Is Ave & 73rd St,1
member,Stony Is Ave & 73rd St,2
casual,Stony Island Ave & 64th St,307
member,Stony Island Ave & 64th St,133
casual,Stony Island Ave & 67th St,262
member,Stony Island Ave & 67th St,62
casual,Stony Island Ave & 71st St,332
member,Stony Island Ave & 71st St,58
casual,Stony Island Ave & 75th St,198
member,Stony Island Ave & 75th St,109
casual,Stony Island Ave & 82nd St,103
member,Stony Island Ave & 82nd St,47
member,Stony Island Ave & 86th St,1
casual,Stony Island Ave & 90th St,150
member,Stony Island Ave & 90th St,48
casual,Stony Island Ave & South Chicago Ave,95
member,Stony Island Ave & South Chicago Ave,24
casual,Streeter Dr & Grand Ave,68238
member,Streeter Dr & Grand Ave,14784
casual,Strohacker Park,3
casual,Summit Ave & 86th St,76
member,Summit Ave & 86th St,19
casual,Talman Ave & 51st St - midblock,2
member,Talman Ave & 51st St - midblock,2
casual,Talman Ave & Addison St,1306
member,Talman Ave & Addison St,1789
casual,The Montessori School of Englewood,1
casual,Theater on the Lake,21558
member,Theater on the Lake,13638
casual,Throop St & 52nd St,61
member,Throop St & 52nd St,12
casual,Throop St & 58th St,1
casual,Throop St & Taylor St,1692
member,Throop St & Taylor St,5648
member,Throop/Hastings Mobile Station,1
casual,Torrence Ave & 106th St,46
member,Torrence Ave & 106th St,2
casual,Torrence Ave & 126th Pl,41
member,Torrence Ave & 126th Pl,5
casual,Tripp Ave & 15th St,13
member,Tripp Ave & 15th St,3
casual,Tripp Ave & 31st St,48
member,Tripp Ave & 31st St,4
casual,Tripp Ave & 65th St,43
member,Tripp Ave & 65th St,17
casual,Troy Ave & 27th St,4
member,Troy Ave & 27th St,4
casual,Troy St & Elston Ave,1017
member,Troy St & Elston Ave,1287
casual,Troy St & Grace St,73
member,Troy St & Grace St,91
casual,Troy St & Jackson Blvd,4
casual,Troy St & North Ave,1570
member,Troy St & North Ave,1163
casual,Union Ave & Root St,173
member,Union Ave & Root St,306
casual,University Ave & 57th St,4509
member,University Ave & 57th St,16700
casual,University Library (NU),1233
member,University Library (NU),1847
casual,Valli Produce - Evanston Plaza,400
member,Valli Produce - Evanston Plaza,518
casual,Vernon Ave & 107th St,79
member,Vernon Ave & 107th St,1
casual,Vernon Ave & 75th St,93
member,Vernon Ave & 75th St,18
casual,Vernon Ave & 79th St,89
member,Vernon Ave & 79th St,34
casual,Vincennes Ave & 104th St,56
member,Vincennes Ave & 104th St,42
casual,Vincennes Ave & 75th St,97
member,Vincennes Ave & 75th St,13
casual,Virginia Ave & Catalpa Ave,30
member,Virginia Ave & Catalpa Ave,45
casual,W 103rd St & S Avers Ave,103
member,W 103rd St & S Avers Ave,14
casual,W Armitage Ave & N Sheffield Ave,418
member,W Armitage Ave & N Sheffield Ave,615
casual,W Oakdale Ave & N Broadway,760
member,W Oakdale Ave & N Broadway,669
casual,W Washington Blvd & N Peoria St,83
member,W Washington Blvd & N Peoria St,128
casual,Wabash Ave & 16th St,2979
member,Wabash Ave & 16th St,5783
casual,Wabash Ave & 83rd St,24
member,Wabash Ave & 83rd St,26
casual,Wabash Ave & 87th St,174
member,Wabash Ave & 87th St,56
casual,Wabash Ave & 9th St,7291
member,Wabash Ave & 9th St,9296
casual,Wabash Ave & Adams St,4814
member,Wabash Ave & Adams St,5816
casual,Wabash Ave & Cermak Rd,2156
member,Wabash Ave & Cermak Rd,1788
casual,Wabash Ave & Grand Ave,15596
member,Wabash Ave & Grand Ave,15883
casual,Wabash Ave & Roosevelt Rd,8991
member,Wabash Ave & Roosevelt Rd,13492
casual,Wabash Ave & Wacker Pl,9384
member,Wabash Ave & Wacker Pl,5451
casual,Wacker Dr & Washington St,2544
member,Wacker Dr & Washington St,6215
casual,Walden Pkwy & 100th St,141
member,Walden Pkwy & 100th St,33
casual,Walden Pkwy & 103rd St,5
member,Walden Pkwy & 103rd St,1
casual,Wallace St & 35th St,613
member,Wallace St & 35th St,1707
casual,Waller Ave & Chicago Ave,1
member,Waller Ave & Chicago Ave,3
casual,Walsh Park,3094
member,Walsh Park,4666
casual,Warren Park East,443
member,Warren Park East,610
casual,Warren Park West,656
member,Warren Park West,476
casual,Washtenaw Ave & Lawrence Ave,995
member,Washtenaw Ave & Lawrence Ave,1848
casual,Washtenaw Ave & Madison St,14
member,Washtenaw Ave & Madison St,6
casual,Washtenaw Ave & Ogden Ave,444
member,Washtenaw Ave & Ogden Ave,616
casual,Washtenaw Ave & Peterson Ave,23
member,Washtenaw Ave & Peterson Ave,12
casual,Washtenaw Ave & Polk St,38
member,Washtenaw Ave & Polk St,27
casual,Washtenaw Ave & Superior St,5
member,Washtenaw Ave & Superior St,10
casual,Wells St & 19th St,1415
member,Wells St & 19th St,1246
casual,Wells St & Concord Ln,18316
member,Wells St & Concord Ln,23658
casual,Wells St & Elm St,14658
member,Wells St & Elm St,20728
casual,Wells St & Evergreen Ave,11908
member,Wells St & Evergreen Ave,12937
casual,Wells St & Hubbard St,8883
member,Wells St & Hubbard St,15546
casual,Wells St & Huron St,10911
member,Wells St & Huron St,18037
casual,Wells St & Polk St,4970
member,Wells St & Polk St,6997
casual,Wells St & Walton St,3199
member,Wells St & Walton St,5368
casual,Wentworth Ave & 104th St,60
member,Wentworth Ave & 104th St,10
casual,Wentworth Ave & 24th St (Temp),1038
member,Wentworth Ave & 24th St (Temp),1117
casual,Wentworth Ave & 33rd St,738
member,Wentworth Ave & 33rd St,2111
casual,Wentworth Ave & 35th St,778
member,Wentworth Ave & 35th St,860
casual,Wentworth Ave & 63rd St,117
member,Wentworth Ave & 63rd St,61
casual,Wentworth Ave & Cermak Rd,5641
member,Wentworth Ave & Cermak Rd,4030
casual,WEST CHI-WATSON,81
member,WEST CHI-WATSON,2
casual,Western & 28th - Velasquez Institute Vaccination Site,52
member,Western & 28th - Velasquez Institute Vaccination Site,82
casual,Western Ave & 104th St,131
member,Western Ave & 104th St,31
casual,Western Ave & 105th St,1
member,Western Ave & 105th St,1
casual,Western Ave & 106th St - East,1
casual,Western Ave & 111th St,145
member,Western Ave & 111th St,13
casual,Western Ave & 111th St - SW,1
casual,Western Ave & 118th St,2
casual,Western Ave & 21st St,632
member,Western Ave & 21st St,994
casual,Western Ave & 24th St,351
member,Western Ave & 24th St,624
casual,Western Ave & 62nd St,10
member,Western Ave & 62nd St,10
member,Western Ave & 79th St,2
casual,Western Ave & 92nd Pl,2
member,Western Ave & 92nd Pl,1
casual,Western Ave & Ardmore Ave,30
member,Western Ave & Ardmore Ave,18
casual,Western Ave & Congress Pkwy,1102
member,Western Ave & Congress Pkwy,2487
casual,Western Ave & Division St,2416
member,Western Ave & Division St,2597
casual,Western Ave & Fillmore St,915
member,Western Ave & Fillmore St,4238
casual,Western Ave & Grace St,54
member,Western Ave & Grace St,61
casual,Western Ave & Granville Ave,648
member,Western Ave & Granville Ave,664
casual,Western Ave & Gunnison St,46
member,Western Ave & Gunnison St,101
casual,Western Ave & Howard St,377
member,Western Ave & Howard St,430
casual,Western Ave & Jarvis Ave,13
member,Western Ave & Jarvis Ave,23
casual,Western Ave & Lake St,8
member,Western Ave & Lake St,9
casual,Western Ave & Leland Ave,2370
member,Western Ave & Leland Ave,4240
casual,Western Ave & Lunt Ave,573
member,Western Ave & Lunt Ave,1020
casual,Western Ave & Monroe St,752
member,Western Ave & Monroe St,1460
casual,Western Ave & Roscoe St,1269
member,Western Ave & Roscoe St,1553
casual,Western Ave & Walton St,3214
member,Western Ave & Walton St,3506
casual,Western Ave & Winnebago Ave,4105
member,Western Ave & Winnebago Ave,4964
casual,Western Blvd & 48th Pl,253
member,Western Blvd & 48th Pl,49
casual,Western Blvd & 49th St,9
member,Western Blvd & 49th St,2
casual,Whipple St & Irving Park Rd,1
member,Whipple St & Irving Park Rd,1
casual,Whipple St & Roosevelt Rd,3
member,Whipple St & Roosevelt Rd,2
casual,Whipple/Irving Park,30
member,Whipple/Irving Park,14
casual,Wilton Ave & Belmont Ave,11589
member,Wilton Ave & Belmont Ave,15198
casual,Wilton Ave & Diversey Pkwy,7295
member,Wilton Ave & Diversey Pkwy,11206
casual,Wilton Ave & Diversey Pkwy - Charging,3
member,Wilton Ave & Diversey Pkwy - Charging,15
casual,Winchester (Ravenswood) Ave & Balmoral Ave,781
member,Winchester (Ravenswood) Ave & Balmoral Ave,1295
casual,Winchester Ave & Elston Ave,1697
member,Winchester Ave & Elston Ave,2160
casual,Winthrop Ave & Lawrence Ave,2798
member,Winthrop Ave & Lawrence Ave,3574
casual,Wolcott (Ravenswood) Ave & Montrose Ave,1694
member,Wolcott (Ravenswood) Ave & Montrose Ave,3054
casual,Wolcott Ave & Fargo Ave,198
member,Wolcott Ave & Fargo Ave,215
casual,Wolcott Ave & Polk St,1185
member,Wolcott Ave & Polk St,8542
casual,Wood St & 103rd St,7
member,Wood St & 103rd St,1
casual,Wood St & 35th St,420
member,Wood St & 35th St,331
casual,Wood St & Augusta Blvd,2168
member,Wood St & Augusta Blvd,3498
casual,Wood St & Chicago Ave,2655
member,Wood St & Chicago Ave,4573
casual,Wood St & Hubbard St,1574
member,Wood St & Hubbard St,2858
casual,Wood St & Milwaukee Ave,7308
member,Wood St & Milwaukee Ave,8814
casual,Wood St & Taylor St (Temp),832
member,Wood St & Taylor St (Temp),5723
casual,Woodlawn & 103rd - Olive Harvey Vaccination Site,9
member,Woodlawn & 103rd - Olive Harvey Vaccination Site,7
casual,Woodlawn Ave & 55th St,2249
member,Woodlawn Ave & 55th St,4607
casual,Woodlawn Ave & 75th St,49
member,Woodlawn Ave & 75th St,8
casual,Woodlawn Ave & Lake Park Ave,777
member,Woodlawn Ave & Lake Park Ave,683
casual,Yates Blvd & 75th St,171
member,Yates Blvd & 75th St,27
casual,Yates Blvd & 93rd St,52
member,Yates Blvd & 93rd St,29
casual,Yates Blvd & Exchange Ave,1
